timestamp,service_name,anomaly_score,is_isolation_forest_outlier,max_robust_zscore,known_incident_flag,deployment_version
2026-07-06T23:00:00+00:00,api-gateway,0.670562,True,0.0,True,2026.07.1
2026-07-06T23:00:00+00:00,auth-service,0.354133,False,0.0,False,2026.07.1
2026-07-06T23:00:00+00:00,database-service,0.476495,False,0.0,False,2026.07.1
2026-07-06T23:00:00+00:00,notification-service,0.384032,False,0.0,False,2026.07.1
2026-07-06T23:00:00+00:00,payment-service,0.504435,False,0.0,False,2026.07.1
2026-07-06T23:00:00+00:00,recommendation-service,0.664789,True,0.0,True,2026.07.1
2026-07-06T23:00:00+00:00,worker-service,0.453153,False,0.0,False,2026.07.1
2026-07-07T00:00:00+00:00,api-gateway,0.726038,True,0.0,True,2026.07.1
2026-07-07T00:00:00+00:00,auth-service,0.450426,False,0.0,False,2026.07.1
2026-07-07T00:00:00+00:00,database-service,0.490711,False,0.0,False,2026.07.1
2026-07-07T00:00:00+00:00,notification-service,0.434788,False,0.0,False,2026.07.1
2026-07-07T00:00:00+00:00,payment-service,0.454561,False,0.0,False,2026.07.1
2026-07-07T00:00:00+00:00,recommendation-service,0.642997,True,0.0,True,2026.07.1
2026-07-07T00:00:00+00:00,worker-service,0.379308,False,0.0,False,2026.07.1
2026-07-07T01:00:00+00:00,api-gateway,0.73855,True,0.0,True,2026.07.1
2026-07-07T01:00:00+00:00,auth-service,0.478807,False,0.0,False,2026.07.1
2026-07-07T01:00:00+00:00,database-service,0.462905,False,0.0,False,2026.07.1
2026-07-07T01:00:00+00:00,notification-service,0.383029,False,0.0,False,2026.07.1
2026-07-07T01:00:00+00:00,payment-service,0.413801,False,0.0,False,2026.07.1
2026-07-07T01:00:00+00:00,recommendation-service,0.693361,True,0.0,True,2026.07.1
2026-07-07T01:00:00+00:00,worker-service,0.474321,False,0.0,False,2026.07.1
2026-07-07T02:00:00+00:00,api-gateway,0.6225,True,0.0,True,2026.07.1
2026-07-07T02:00:00+00:00,auth-service,0.479625,False,0.0,False,2026.07.1
2026-07-07T02:00:00+00:00,database-service,0.411605,False,0.0,False,2026.07.1
2026-07-07T02:00:00+00:00,notification-service,0.429744,False,0.0,False,2026.07.1
2026-07-07T02:00:00+00:00,payment-service,0.556672,False,0.0,False,2026.07.1
2026-07-07T02:00:00+00:00,recommendation-service,0.663274,True,0.0,True,2026.07.1
2026-07-07T02:00:00+00:00,worker-service,0.433307,False,0.0,False,2026.07.1
2026-07-07T03:00:00+00:00,api-gateway,0.397543,False,0.0,False,2026.07.1
2026-07-07T03:00:00+00:00,auth-service,0.411907,False,0.0,False,2026.07.1
2026-07-07T03:00:00+00:00,database-service,0.496336,False,0.0,False,2026.07.1
2026-07-07T03:00:00+00:00,notification-service,0.409667,False,0.0,False,2026.07.1
2026-07-07T03:00:00+00:00,payment-service,0.500788,False,0.0,False,2026.07.1
2026-07-07T03:00:00+00:00,recommendation-service,0.430417,False,0.0,False,2026.07.1
2026-07-07T03:00:00+00:00,worker-service,0.465086,False,0.0,False,2026.07.1
2026-07-07T04:00:00+00:00,api-gateway,0.505379,False,0.0,False,2026.07.1
2026-07-07T04:00:00+00:00,auth-service,0.461751,False,0.0,False,2026.07.1
2026-07-07T04:00:00+00:00,database-service,0.375633,False,0.0,False,2026.07.1
2026-07-07T04:00:00+00:00,notification-service,0.383402,False,0.0,False,2026.07.1
2026-07-07T04:00:00+00:00,payment-service,0.458378,False,0.0,False,2026.07.1
2026-07-07T04:00:00+00:00,recommendation-service,0.483545,False,0.0,False,2026.07.1
2026-07-07T04:00:00+00:00,worker-service,0.448315,False,0.0,False,2026.07.1
2026-07-07T05:00:00+00:00,api-gateway,0.438251,False,0.0,False,2026.07.1
2026-07-07T05:00:00+00:00,auth-service,0.398366,False,0.0,False,2026.07.1
2026-07-07T05:00:00+00:00,database-service,0.450215,False,0.0,False,2026.07.1
2026-07-07T05:00:00+00:00,notification-service,0.376754,False,0.0,False,2026.07.1
2026-07-07T05:00:00+00:00,payment-service,0.394747,False,0.0,False,2026.07.1
2026-07-07T05:00:00+00:00,recommendation-service,0.447631,False,0.0,False,2026.07.1
2026-07-07T05:00:00+00:00,worker-service,0.413321,False,0.0,False,2026.07.1
2026-07-07T06:00:00+00:00,api-gateway,0.485944,False,1.0874,False,2026.07.1
2026-07-07T06:00:00+00:00,auth-service,0.411608,False,2.0451,False,2026.07.1
2026-07-07T06:00:00+00:00,database-service,0.451939,False,2.1152,False,2026.07.1
2026-07-07T06:00:00+00:00,notification-service,0.447132,False,2.1663,False,2026.07.1
2026-07-07T06:00:00+00:00,payment-service,0.393477,False,0.7805,False,2026.07.1
2026-07-07T06:00:00+00:00,recommendation-service,0.367455,False,0.9711,False,2026.07.1
2026-07-07T06:00:00+00:00,worker-service,0.394226,False,1.1295,False,2026.07.1
2026-07-07T07:00:00+00:00,api-gateway,0.417763,False,0.8705,False,2026.07.1
2026-07-07T07:00:00+00:00,auth-service,0.43923,False,2.5136,False,2026.07.1
2026-07-07T07:00:00+00:00,database-service,0.366125,False,1.5434,False,2026.07.1
2026-07-07T07:00:00+00:00,notification-service,0.429016,False,1.6271,False,2026.07.1
2026-07-07T07:00:00+00:00,payment-service,0.39796,False,1.7199,False,2026.07.1
2026-07-07T07:00:00+00:00,recommendation-service,0.44115,False,0.6745,False,2026.07.1
2026-07-07T07:00:00+00:00,worker-service,0.404976,False,0.9739,False,2026.07.1
2026-07-07T08:00:00+00:00,api-gateway,0.416705,False,1.0223,False,2026.07.1
2026-07-07T08:00:00+00:00,auth-service,0.455302,False,2.1785,False,2026.07.1
2026-07-07T08:00:00+00:00,database-service,0.450332,False,1.3623,False,2026.07.1
2026-07-07T08:00:00+00:00,notification-service,0.427955,False,4.2927,False,2026.07.1
2026-07-07T08:00:00+00:00,payment-service,0.398849,False,2.2292,False,2026.07.1
2026-07-07T08:00:00+00:00,recommendation-service,0.403917,False,0.5482,False,2026.07.1
2026-07-07T08:00:00+00:00,worker-service,0.378387,False,0.8068,False,2026.07.1
2026-07-07T09:00:00+00:00,api-gateway,0.549127,False,0.9632,False,2026.07.1
2026-07-07T09:00:00+00:00,auth-service,0.520594,False,0.7405,False,2026.07.1
2026-07-07T09:00:00+00:00,database-service,0.378343,False,0.7608,False,2026.07.1
2026-07-07T09:00:00+00:00,notification-service,0.405593,False,0.911,False,2026.07.1
2026-07-07T09:00:00+00:00,payment-service,0.40206,False,1.1064,False,2026.07.1
2026-07-07T09:00:00+00:00,recommendation-service,0.56528,False,0.8737,False,2026.07.1
2026-07-07T09:00:00+00:00,worker-service,0.388225,False,1.6179,False,2026.07.1
2026-07-07T10:00:00+00:00,api-gateway,0.396942,False,0.6745,False,2026.07.1
2026-07-07T10:00:00+00:00,auth-service,0.375154,False,1.4225,False,2026.07.1
2026-07-07T10:00:00+00:00,database-service,0.460198,False,1.7513,False,2026.07.1
2026-07-07T10:00:00+00:00,notification-service,0.607557,False,1.2825,False,2026.07.1
2026-07-07T10:00:00+00:00,payment-service,0.424403,False,1.2534,False,2026.07.1
2026-07-07T10:00:00+00:00,recommendation-service,0.532284,False,0.7838,False,2026.07.1
2026-07-07T10:00:00+00:00,worker-service,0.428479,False,1.4629,False,2026.07.1
2026-07-07T11:00:00+00:00,api-gateway,0.437461,False,0.6745,False,2026.07.1
2026-07-07T11:00:00+00:00,auth-service,0.376206,False,1.2353,False,2026.07.1
2026-07-07T11:00:00+00:00,database-service,0.441679,False,1.7593,False,2026.07.1
2026-07-07T11:00:00+00:00,notification-service,0.392396,False,0.9698,False,2026.07.1
2026-07-07T11:00:00+00:00,payment-service,0.461831,False,3.8966,False,2026.07.1
2026-07-07T11:00:00+00:00,recommendation-service,0.35613,False,0.5851,False,2026.07.1
2026-07-07T11:00:00+00:00,worker-service,0.547894,False,0.6745,False,2026.07.1
2026-07-07T12:00:00+00:00,api-gateway,0.563989,False,1.3699,False,2026.07.1
2026-07-07T12:00:00+00:00,auth-service,0.496786,False,0.5718,False,2026.07.1
2026-07-07T12:00:00+00:00,database-service,0.452939,False,1.2172,False,2026.07.1
2026-07-07T12:00:00+00:00,notification-service,0.439165,False,1.7012,False,2026.07.1
2026-07-07T12:00:00+00:00,payment-service,0.494513,False,1.637,False,2026.07.1
2026-07-07T12:00:00+00:00,recommendation-service,0.381665,False,0.6676,False,2026.07.1
2026-07-07T12:00:00+00:00,worker-service,0.374945,False,1.3195,False,2026.07.1
2026-07-07T13:00:00+00:00,api-gateway,0.430113,False,0.8121,False,2026.07.1
2026-07-07T13:00:00+00:00,auth-service,0.493419,False,3.0812,False,2026.07.1
2026-07-07T13:00:00+00:00,database-service,0.444101,False,2.9087,False,2026.07.1
2026-07-07T13:00:00+00:00,notification-service,0.366475,False,0.4452,False,2026.07.1
2026-07-07T13:00:00+00:00,payment-service,0.364233,False,0.8827,False,2026.07.1
2026-07-07T13:00:00+00:00,recommendation-service,0.413142,False,1.4737,False,2026.07.1
2026-07-07T13:00:00+00:00,worker-service,0.419523,False,0.7277,False,2026.07.1
2026-07-07T14:00:00+00:00,api-gateway,0.387261,False,1.2514,False,2026.07.1
2026-07-07T14:00:00+00:00,auth-service,0.389124,False,0.9894,False,2026.07.1
2026-07-07T14:00:00+00:00,database-service,0.60991,True,1.8802,False,2026.07.1
2026-07-07T14:00:00+00:00,notification-service,0.391775,False,0.9195,False,2026.07.1
2026-07-07T14:00:00+00:00,payment-service,0.414642,False,1.8736,False,2026.07.1
2026-07-07T14:00:00+00:00,recommendation-service,0.379519,False,0.8484,False,2026.07.1
2026-07-07T14:00:00+00:00,worker-service,0.418504,False,2.1138,False,2026.07.1
2026-07-07T15:00:00+00:00,api-gateway,0.393035,False,1.304,False,2026.07.1
2026-07-07T15:00:00+00:00,auth-service,0.394652,False,1.6833,False,2026.07.1
2026-07-07T15:00:00+00:00,database-service,0.39126,False,1.2016,False,2026.07.1
2026-07-07T15:00:00+00:00,notification-service,0.40133,False,2.311,False,2026.07.1
2026-07-07T15:00:00+00:00,payment-service,0.488513,False,1.5174,False,2026.07.1
2026-07-07T15:00:00+00:00,recommendation-service,0.374387,False,0.7487,False,2026.07.1
2026-07-07T15:00:00+00:00,worker-service,0.392451,False,0.8826,False,2026.07.1
2026-07-07T16:00:00+00:00,api-gateway,0.378694,False,1.2943,False,2026.07.1
2026-07-07T16:00:00+00:00,auth-service,0.398407,False,1.16,False,2026.07.1
2026-07-07T16:00:00+00:00,database-service,0.426027,False,1.7742,False,2026.07.1
2026-07-07T16:00:00+00:00,notification-service,0.567279,False,1.2436,False,2026.07.1
2026-07-07T16:00:00+00:00,payment-service,0.393655,False,1.6953,False,2026.07.1
2026-07-07T16:00:00+00:00,recommendation-service,0.523534,False,0.7708,False,2026.07.1
2026-07-07T16:00:00+00:00,worker-service,0.352966,False,0.4356,False,2026.07.1
2026-07-07T17:00:00+00:00,api-gateway,0.414994,False,1.2991,False,2026.07.1
2026-07-07T17:00:00+00:00,auth-service,0.41941,False,1.9217,False,2026.07.1
2026-07-07T17:00:00+00:00,database-service,0.442962,False,1.1658,False,2026.07.1
2026-07-07T17:00:00+00:00,notification-service,0.430375,False,2.712,False,2026.07.1
2026-07-07T17:00:00+00:00,payment-service,0.428597,False,1.4576,False,2026.07.1
2026-07-07T17:00:00+00:00,recommendation-service,0.469023,False,2.5574,False,2026.07.1
2026-07-07T17:00:00+00:00,worker-service,0.480754,False,2.3602,False,2026.07.1
2026-07-07T18:00:00+00:00,api-gateway,0.388384,False,0.6745,False,2026.07.1
2026-07-07T18:00:00+00:00,auth-service,0.38708,False,1.0248,False,2026.07.1
2026-07-07T18:00:00+00:00,database-service,0.369458,False,0.8331,False,2026.07.1
2026-07-07T18:00:00+00:00,notification-service,0.409068,False,2.036,False,2026.07.1
2026-07-07T18:00:00+00:00,payment-service,0.396619,False,1.0263,False,2026.07.1
2026-07-07T18:00:00+00:00,recommendation-service,0.409487,False,2.3014,False,2026.07.1
2026-07-07T18:00:00+00:00,worker-service,0.363874,False,0.4741,False,2026.07.1
2026-07-07T19:00:00+00:00,api-gateway,0.502901,False,1.0249,True,2026.07.1
2026-07-07T19:00:00+00:00,auth-service,0.542445,False,3.3298,True,2026.07.1
2026-07-07T19:00:00+00:00,database-service,0.439257,False,1.6594,False,2026.07.1
2026-07-07T19:00:00+00:00,notification-service,0.390505,False,1.0836,False,2026.07.1
2026-07-07T19:00:00+00:00,payment-service,0.415953,False,2.0281,False,2026.07.1
2026-07-07T19:00:00+00:00,recommendation-service,0.371286,False,0.9954,False,2026.07.1
2026-07-07T19:00:00+00:00,worker-service,0.359698,False,0.8189,False,2026.07.1
2026-07-07T20:00:00+00:00,api-gateway,0.464821,False,1.4003,True,2026.07.1
2026-07-07T20:00:00+00:00,auth-service,0.530976,False,3.828,True,2026.07.1
2026-07-07T20:00:00+00:00,database-service,0.420811,False,2.6022,False,2026.07.1
2026-07-07T20:00:00+00:00,notification-service,0.428182,False,1.9371,False,2026.07.1
2026-07-07T20:00:00+00:00,payment-service,0.421802,False,2.3862,False,2026.07.1
2026-07-07T20:00:00+00:00,recommendation-service,0.388556,False,1.0308,False,2026.07.1
2026-07-07T20:00:00+00:00,worker-service,0.39705,False,2.1768,False,2026.07.1
2026-07-07T21:00:00+00:00,api-gateway,0.512117,False,1.6219,True,2026.07.1
2026-07-07T21:00:00+00:00,auth-service,0.583358,True,3.3962,True,2026.07.1
2026-07-07T21:00:00+00:00,database-service,0.545982,False,1.9947,False,2026.07.1
2026-07-07T21:00:00+00:00,notification-service,0.396254,False,1.0827,False,2026.07.1
2026-07-07T21:00:00+00:00,payment-service,0.483218,False,1.5618,False,2026.07.1
2026-07-07T21:00:00+00:00,recommendation-service,0.395645,False,0.8711,False,2026.07.1
2026-07-07T21:00:00+00:00,worker-service,0.446386,False,2.1017,False,2026.07.1
2026-07-07T22:00:00+00:00,api-gateway,0.511049,False,2.0192,True,2026.07.1
2026-07-07T22:00:00+00:00,auth-service,0.37796,False,1.4321,True,2026.07.1
2026-07-07T22:00:00+00:00,database-service,0.434745,False,1.6559,False,2026.07.1
2026-07-07T22:00:00+00:00,notification-service,0.448282,False,2.085,False,2026.07.1
2026-07-07T22:00:00+00:00,payment-service,0.432071,False,0.834,False,2026.07.1
2026-07-07T22:00:00+00:00,recommendation-service,0.35449,False,0.585,False,2026.07.1
2026-07-07T22:00:00+00:00,worker-service,0.360673,False,0.9066,False,2026.07.1
2026-07-07T23:00:00+00:00,api-gateway,0.586067,True,2.9435,True,2026.07.1
2026-07-07T23:00:00+00:00,auth-service,0.542951,False,4.1603,True,2026.07.1
2026-07-07T23:00:00+00:00,database-service,0.411649,False,1.5734,False,2026.07.1
2026-07-07T23:00:00+00:00,notification-service,0.436058,False,2.1164,False,2026.07.1
2026-07-07T23:00:00+00:00,payment-service,0.44436,False,2.4354,False,2026.07.1
2026-07-07T23:00:00+00:00,recommendation-service,0.409745,False,1.2574,False,2026.07.1
2026-07-07T23:00:00+00:00,worker-service,0.429916,False,2.8367,False,2026.07.1
2026-07-08T00:00:00+00:00,api-gateway,0.397768,False,1.0944,False,2026.07.1
2026-07-08T00:00:00+00:00,auth-service,0.483206,False,1.7186,False,2026.07.1
2026-07-08T00:00:00+00:00,database-service,0.51874,False,2.9901,False,2026.07.1
2026-07-08T00:00:00+00:00,notification-service,0.38914,False,1.7294,False,2026.07.1
2026-07-08T00:00:00+00:00,payment-service,0.478806,False,2.0415,False,2026.07.1
2026-07-08T00:00:00+00:00,recommendation-service,0.385994,False,1.166,False,2026.07.1
2026-07-08T00:00:00+00:00,worker-service,0.422839,False,3.4597,False,2026.07.1
2026-07-08T01:00:00+00:00,api-gateway,0.546085,False,3.094,False,2026.07.1
2026-07-08T01:00:00+00:00,auth-service,0.465131,False,2.5539,False,2026.07.1
2026-07-08T01:00:00+00:00,database-service,0.441752,False,2.178,False,2026.07.1
2026-07-08T01:00:00+00:00,notification-service,0.433638,False,1.644,False,2026.07.1
2026-07-08T01:00:00+00:00,payment-service,0.489391,False,1.3119,False,2026.07.1
2026-07-08T01:00:00+00:00,recommendation-service,0.590025,False,0.9194,False,2026.07.1
2026-07-08T01:00:00+00:00,worker-service,0.448568,False,1.9397,False,2026.07.1
2026-07-08T02:00:00+00:00,api-gateway,0.436953,False,1.1944,False,2026.07.1
2026-07-08T02:00:00+00:00,auth-service,0.423899,False,1.9817,False,2026.07.1
2026-07-08T02:00:00+00:00,database-service,0.441456,False,1.1984,False,2026.07.1
2026-07-08T02:00:00+00:00,notification-service,0.458017,False,1.9187,False,2026.07.1
2026-07-08T02:00:00+00:00,payment-service,0.354158,False,0.5567,False,2026.07.1
2026-07-08T02:00:00+00:00,recommendation-service,0.419693,False,1.7209,False,2026.07.1
2026-07-08T02:00:00+00:00,worker-service,0.606884,False,2.922,False,2026.07.1
2026-07-08T03:00:00+00:00,api-gateway,0.396137,False,0.8686,False,2026.07.1
2026-07-08T03:00:00+00:00,auth-service,0.396383,False,1.4701,False,2026.07.1
2026-07-08T03:00:00+00:00,database-service,0.457187,False,1.8099,False,2026.07.1
2026-07-08T03:00:00+00:00,notification-service,0.487388,False,1.8761,False,2026.07.1
2026-07-08T03:00:00+00:00,payment-service,0.598029,True,1.3155,False,2026.07.1
2026-07-08T03:00:00+00:00,recommendation-service,0.410826,False,1.7937,False,2026.07.1
2026-07-08T03:00:00+00:00,worker-service,0.435348,False,2.2932,False,2026.07.1
2026-07-08T04:00:00+00:00,api-gateway,0.433128,False,1.2959,False,2026.07.1
2026-07-08T04:00:00+00:00,auth-service,0.587445,True,1.4474,False,2026.07.1
2026-07-08T04:00:00+00:00,database-service,0.546209,False,4.3773,False,2026.07.1
2026-07-08T04:00:00+00:00,notification-service,0.4712,False,3.0968,False,2026.07.1
2026-07-08T04:00:00+00:00,payment-service,0.455182,False,2.5067,False,2026.07.1
2026-07-08T04:00:00+00:00,recommendation-service,0.376444,False,2.0437,False,2026.07.1
2026-07-08T04:00:00+00:00,worker-service,0.397873,False,1.5008,False,2026.07.1
2026-07-08T05:00:00+00:00,api-gateway,0.37638,False,0.8575,False,2026.07.1
2026-07-08T05:00:00+00:00,auth-service,0.391439,False,1.2665,False,2026.07.1
2026-07-08T05:00:00+00:00,database-service,0.44037,False,2.0449,False,2026.07.1
2026-07-08T05:00:00+00:00,notification-service,0.469707,False,1.6167,False,2026.07.1
2026-07-08T05:00:00+00:00,payment-service,0.476413,False,3.3387,False,2026.07.1
2026-07-08T05:00:00+00:00,recommendation-service,0.562216,False,0.9679,False,2026.07.1
2026-07-08T05:00:00+00:00,worker-service,0.419127,False,1.66,False,2026.07.1
2026-07-08T06:00:00+00:00,api-gateway,0.406592,False,1.0411,False,2026.07.1
2026-07-08T06:00:00+00:00,auth-service,0.427706,False,0.9603,False,2026.07.1
2026-07-08T06:00:00+00:00,database-service,0.443751,False,1.4442,False,2026.07.1
2026-07-08T06:00:00+00:00,notification-service,0.395069,False,1.5512,False,2026.07.1
2026-07-08T06:00:00+00:00,payment-service,0.453305,False,3.559,False,2026.07.1
2026-07-08T06:00:00+00:00,recommendation-service,0.373823,False,1.172,False,2026.07.1
2026-07-08T06:00:00+00:00,worker-service,0.403619,False,1.7626,False,2026.07.1
2026-07-08T07:00:00+00:00,api-gateway,0.372039,False,0.8008,False,2026.07.1
2026-07-08T07:00:00+00:00,auth-service,0.371729,False,1.4921,False,2026.07.1
2026-07-08T07:00:00+00:00,database-service,0.582106,True,2.1719,False,2026.07.1
2026-07-08T07:00:00+00:00,notification-service,0.451832,False,1.4386,False,2026.07.1
2026-07-08T07:00:00+00:00,payment-service,0.510331,False,1.8888,False,2026.07.1
2026-07-08T07:00:00+00:00,recommendation-service,0.382702,False,1.0555,False,2026.07.1
2026-07-08T07:00:00+00:00,worker-service,0.381522,False,1.2518,False,2026.07.1
2026-07-08T08:00:00+00:00,api-gateway,0.558997,False,3.3735,False,2026.07.1
2026-07-08T08:00:00+00:00,auth-service,0.566783,True,1.1098,False,2026.07.1
2026-07-08T08:00:00+00:00,database-service,0.478431,False,2.1167,False,2026.07.1
2026-07-08T08:00:00+00:00,notification-service,0.383196,False,1.7213,False,2026.07.1
2026-07-08T08:00:00+00:00,payment-service,0.443226,False,2.5807,False,2026.07.1
2026-07-08T08:00:00+00:00,recommendation-service,0.391522,False,1.7743,False,2026.07.1
2026-07-08T08:00:00+00:00,worker-service,0.447546,False,2.7003,False,2026.07.1
2026-07-08T09:00:00+00:00,api-gateway,0.407317,False,1.1693,False,2026.07.1
2026-07-08T09:00:00+00:00,auth-service,0.433459,False,1.7218,False,2026.07.1
2026-07-08T09:00:00+00:00,database-service,0.396961,False,1.4253,False,2026.07.1
2026-07-08T09:00:00+00:00,notification-service,0.432403,False,2.4173,False,2026.07.1
2026-07-08T09:00:00+00:00,payment-service,0.374296,False,1.3701,False,2026.07.1
2026-07-08T09:00:00+00:00,recommendation-service,0.400933,False,2.4473,False,2026.07.1
2026-07-08T09:00:00+00:00,worker-service,0.41492,False,1.9414,False,2026.07.1
2026-07-08T10:00:00+00:00,api-gateway,0.384443,False,1.2757,False,2026.07.1
2026-07-08T10:00:00+00:00,auth-service,0.647812,True,1.8564,False,2026.07.1
2026-07-08T10:00:00+00:00,database-service,0.376873,False,1.6202,False,2026.07.1
2026-07-08T10:00:00+00:00,notification-service,0.385712,False,1.4393,False,2026.07.1
2026-07-08T10:00:00+00:00,payment-service,0.387386,False,1.1181,False,2026.07.1
2026-07-08T10:00:00+00:00,recommendation-service,0.382763,False,1.3224,False,2026.07.1
2026-07-08T10:00:00+00:00,worker-service,0.448265,False,2.3589,False,2026.07.1
2026-07-08T11:00:00+00:00,api-gateway,0.429519,False,2.0366,False,2026.07.1
2026-07-08T11:00:00+00:00,auth-service,0.353999,False,0.4617,False,2026.07.1
2026-07-08T11:00:00+00:00,database-service,0.371705,False,1.0152,False,2026.07.1
2026-07-08T11:00:00+00:00,notification-service,0.404948,False,1.8373,False,2026.07.1
2026-07-08T11:00:00+00:00,payment-service,0.394854,False,1.078,False,2026.07.1
2026-07-08T11:00:00+00:00,recommendation-service,0.421862,False,3.2219,False,2026.07.1
2026-07-08T11:00:00+00:00,worker-service,0.371971,False,0.9478,False,2026.07.1
2026-07-08T12:00:00+00:00,api-gateway,0.476548,False,1.1817,False,2026.07.1
2026-07-08T12:00:00+00:00,auth-service,0.417175,False,1.0577,False,2026.07.1
2026-07-08T12:00:00+00:00,database-service,0.435681,False,3.1906,False,2026.07.1
2026-07-08T12:00:00+00:00,notification-service,0.369444,False,0.9441,False,2026.07.1
2026-07-08T12:00:00+00:00,payment-service,0.464529,False,2.0888,False,2026.07.1
2026-07-08T12:00:00+00:00,recommendation-service,0.372417,False,1.0879,False,2026.07.1
2026-07-08T12:00:00+00:00,worker-service,0.570331,False,2.3704,False,2026.07.1
2026-07-08T13:00:00+00:00,api-gateway,0.400009,False,0.6841,False,2026.07.1
2026-07-08T13:00:00+00:00,auth-service,0.358645,False,0.6745,False,2026.07.1
2026-07-08T13:00:00+00:00,database-service,0.365566,False,0.5241,False,2026.07.1
2026-07-08T13:00:00+00:00,notification-service,0.477432,False,1.8239,False,2026.07.1
2026-07-08T13:00:00+00:00,payment-service,0.503477,False,1.6886,False,2026.07.1
2026-07-08T13:00:00+00:00,recommendation-service,0.445506,False,2.4307,False,2026.07.1
2026-07-08T13:00:00+00:00,worker-service,0.428917,False,1.9918,False,2026.07.1
2026-07-08T14:00:00+00:00,api-gateway,0.427954,False,1.0365,False,2026.07.1
2026-07-08T14:00:00+00:00,auth-service,0.358067,False,0.9603,False,2026.07.1
2026-07-08T14:00:00+00:00,database-service,0.418372,False,1.1181,False,2026.07.1
2026-07-08T14:00:00+00:00,notification-service,0.399832,False,1.2295,False,2026.07.1
2026-07-08T14:00:00+00:00,payment-service,0.399125,False,1.377,False,2026.07.1
2026-07-08T14:00:00+00:00,recommendation-service,0.424298,False,2.3939,False,2026.07.1
2026-07-08T14:00:00+00:00,worker-service,0.546933,False,1.1299,False,2026.07.1
2026-07-08T15:00:00+00:00,api-gateway,0.42353,False,2.0087,False,2026.07.1
2026-07-08T15:00:00+00:00,auth-service,0.381875,False,1.6145,False,2026.07.1
2026-07-08T15:00:00+00:00,database-service,0.400691,False,1.0502,False,2026.07.1
2026-07-08T15:00:00+00:00,notification-service,0.38772,False,1.4038,False,2026.07.1
2026-07-08T15:00:00+00:00,payment-service,0.472422,False,2.2657,False,2026.07.1
2026-07-08T15:00:00+00:00,recommendation-service,0.362401,False,2.1999,False,2026.07.1
2026-07-08T15:00:00+00:00,worker-service,0.394122,False,1.4093,False,2026.07.1
2026-07-08T16:00:00+00:00,api-gateway,0.396707,False,1.2421,False,2026.07.1
2026-07-08T16:00:00+00:00,auth-service,0.417983,False,1.0272,False,2026.07.1
2026-07-08T16:00:00+00:00,database-service,0.403539,False,1.0637,False,2026.07.1
2026-07-08T16:00:00+00:00,notification-service,0.365609,False,0.761,False,2026.07.1
2026-07-08T16:00:00+00:00,payment-service,0.449806,False,1.8787,False,2026.07.1
2026-07-08T16:00:00+00:00,recommendation-service,0.42834,False,1.8678,False,2026.07.1
2026-07-08T16:00:00+00:00,worker-service,0.377412,False,1.3141,False,2026.07.1
2026-07-08T17:00:00+00:00,api-gateway,0.403419,False,1.2858,False,2026.07.1
2026-07-08T17:00:00+00:00,auth-service,0.361282,False,0.6745,False,2026.07.1
2026-07-08T17:00:00+00:00,database-service,0.412763,False,1.49,False,2026.07.1
2026-07-08T17:00:00+00:00,notification-service,0.373105,False,0.7437,False,2026.07.1
2026-07-08T17:00:00+00:00,payment-service,0.379327,False,1.8456,False,2026.07.1
2026-07-08T17:00:00+00:00,recommendation-service,0.435416,False,2.7472,False,2026.07.1
2026-07-08T17:00:00+00:00,worker-service,0.462139,False,2.5028,False,2026.07.1
2026-07-08T18:00:00+00:00,api-gateway,0.402073,False,1.7059,False,2026.07.1
2026-07-08T18:00:00+00:00,auth-service,0.521492,False,1.4804,False,2026.07.1
2026-07-08T18:00:00+00:00,database-service,0.422318,False,1.3774,False,2026.07.1
2026-07-08T18:00:00+00:00,notification-service,0.362215,False,0.6178,False,2026.07.1
2026-07-08T18:00:00+00:00,payment-service,0.443831,False,1.9383,False,2026.07.1
2026-07-08T18:00:00+00:00,recommendation-service,0.374858,False,0.9075,False,2026.07.1
2026-07-08T18:00:00+00:00,worker-service,0.413352,False,1.8392,False,2026.07.1
2026-07-08T19:00:00+00:00,api-gateway,0.410348,False,1.1553,False,2026.07.1
2026-07-08T19:00:00+00:00,auth-service,0.431331,False,2.1396,False,2026.07.1
2026-07-08T19:00:00+00:00,database-service,0.451873,False,1.9125,False,2026.07.1
2026-07-08T19:00:00+00:00,notification-service,0.41586,False,1.1551,False,2026.07.1
2026-07-08T19:00:00+00:00,payment-service,0.574741,False,5.9261,True,2026.07.1
2026-07-08T19:00:00+00:00,recommendation-service,0.410392,False,1.4853,False,2026.07.1
2026-07-08T19:00:00+00:00,worker-service,0.366825,False,0.6762,False,2026.07.1
2026-07-08T20:00:00+00:00,api-gateway,0.3945,False,1.0738,False,2026.07.1
2026-07-08T20:00:00+00:00,auth-service,0.442481,False,2.8314,False,2026.07.1
2026-07-08T20:00:00+00:00,database-service,0.389468,False,1.0073,False,2026.07.1
2026-07-08T20:00:00+00:00,notification-service,0.381201,False,1.3627,False,2026.07.1
2026-07-08T20:00:00+00:00,payment-service,0.642893,True,11.0973,True,2026.07.1
2026-07-08T20:00:00+00:00,recommendation-service,0.357886,False,1.7974,False,2026.07.1
2026-07-08T20:00:00+00:00,worker-service,0.384638,False,1.9437,False,2026.07.1
2026-07-08T21:00:00+00:00,api-gateway,0.447791,False,1.8927,False,2026.07.1
2026-07-08T21:00:00+00:00,auth-service,0.356891,False,0.6745,False,2026.07.1
2026-07-08T21:00:00+00:00,database-service,0.390824,False,1.2147,False,2026.07.1
2026-07-08T21:00:00+00:00,notification-service,0.391667,False,2.082,False,2026.07.1
2026-07-08T21:00:00+00:00,payment-service,0.587752,False,7.7616,True,2026.07.1
2026-07-08T21:00:00+00:00,recommendation-service,0.373116,False,0.7283,False,2026.07.1
2026-07-08T21:00:00+00:00,worker-service,0.596639,False,3.1474,False,2026.07.1
2026-07-08T22:00:00+00:00,api-gateway,0.423932,False,1.6267,False,2026.07.1
2026-07-08T22:00:00+00:00,auth-service,0.396124,False,1.2836,False,2026.07.1
2026-07-08T22:00:00+00:00,database-service,0.372129,False,0.4679,False,2026.07.1
2026-07-08T22:00:00+00:00,notification-service,0.458139,False,2.0757,False,2026.07.1
2026-07-08T22:00:00+00:00,payment-service,0.641683,True,6.9708,True,2026.07.1
2026-07-08T22:00:00+00:00,recommendation-service,0.382579,False,2.3978,False,2026.07.1
2026-07-08T22:00:00+00:00,worker-service,0.451896,False,1.6979,False,2026.07.1
2026-07-08T23:00:00+00:00,api-gateway,0.4055,False,1.01,False,2026.07.1
2026-07-08T23:00:00+00:00,auth-service,0.512887,False,6.5278,False,2026.07.1
2026-07-08T23:00:00+00:00,database-service,0.466873,False,2.5303,False,2026.07.1
2026-07-08T23:00:00+00:00,notification-service,0.366354,False,0.6907,False,2026.07.1
2026-07-08T23:00:00+00:00,payment-service,0.456375,False,2.685,True,2026.07.1
2026-07-08T23:00:00+00:00,recommendation-service,0.443477,False,2.2248,False,2026.07.1
2026-07-08T23:00:00+00:00,worker-service,0.379838,False,1.1003,False,2026.07.1
2026-07-09T00:00:00+00:00,api-gateway,0.451064,False,1.8092,False,2026.07.1
2026-07-09T00:00:00+00:00,auth-service,0.465745,False,2.9083,False,2026.07.1
2026-07-09T00:00:00+00:00,database-service,0.409623,False,1.6138,False,2026.07.1
2026-07-09T00:00:00+00:00,notification-service,0.519102,False,2.5153,False,2026.07.1
2026-07-09T00:00:00+00:00,payment-service,0.630614,True,4.2156,True,2026.07.1
2026-07-09T00:00:00+00:00,recommendation-service,0.588949,False,1.3015,False,2026.07.1
2026-07-09T00:00:00+00:00,worker-service,0.385818,False,1.4738,False,2026.07.1
2026-07-09T01:00:00+00:00,api-gateway,0.464637,False,1.6922,False,2026.07.1
2026-07-09T01:00:00+00:00,auth-service,0.433174,False,2.3123,False,2026.07.1
2026-07-09T01:00:00+00:00,database-service,0.46097,False,1.7702,False,2026.07.1
2026-07-09T01:00:00+00:00,notification-service,0.650287,True,1.0742,False,2026.07.1
2026-07-09T01:00:00+00:00,payment-service,0.663683,True,3.2289,True,2026.07.1
2026-07-09T01:00:00+00:00,recommendation-service,0.428665,False,2.312,False,2026.07.1
2026-07-09T01:00:00+00:00,worker-service,0.619432,True,1.7066,False,2026.07.1
2026-07-09T02:00:00+00:00,api-gateway,0.404074,False,1.8169,False,2026.07.1
2026-07-09T02:00:00+00:00,auth-service,0.41237,False,3.571,False,2026.07.1
2026-07-09T02:00:00+00:00,database-service,0.433595,False,1.8402,False,2026.07.1
2026-07-09T02:00:00+00:00,notification-service,0.37576,False,1.3252,False,2026.07.1
2026-07-09T02:00:00+00:00,payment-service,0.412497,False,0.7335,False,2026.07.1
2026-07-09T02:00:00+00:00,recommendation-service,0.408154,False,1.3295,False,2026.07.1
2026-07-09T02:00:00+00:00,worker-service,0.420363,False,2.1663,False,2026.07.1
2026-07-09T03:00:00+00:00,api-gateway,0.428163,False,3.6147,False,2026.07.1
2026-07-09T03:00:00+00:00,auth-service,0.509993,False,4.15,False,2026.07.1
2026-07-09T03:00:00+00:00,database-service,0.456101,False,1.8574,False,2026.07.1
2026-07-09T03:00:00+00:00,notification-service,0.484479,False,4.7481,False,2026.07.1
2026-07-09T03:00:00+00:00,payment-service,0.365813,False,0.5017,False,2026.07.1
2026-07-09T03:00:00+00:00,recommendation-service,0.494361,False,2.6071,False,2026.07.1
2026-07-09T03:00:00+00:00,worker-service,0.424108,False,2.4208,False,2026.07.1
2026-07-09T04:00:00+00:00,api-gateway,0.468489,False,1.3057,False,2026.07.1
2026-07-09T04:00:00+00:00,auth-service,0.448415,False,2.6521,False,2026.07.1
2026-07-09T04:00:00+00:00,database-service,0.487975,False,2.4088,False,2026.07.1
2026-07-09T04:00:00+00:00,notification-service,0.371514,False,0.8865,False,2026.07.1
2026-07-09T04:00:00+00:00,payment-service,0.433229,False,1.4221,False,2026.07.1
2026-07-09T04:00:00+00:00,recommendation-service,0.537111,False,2.3305,False,2026.07.1
2026-07-09T04:00:00+00:00,worker-service,0.38503,False,2.0206,False,2026.07.1
2026-07-09T05:00:00+00:00,api-gateway,0.489054,False,2.1245,False,2026.07.1
2026-07-09T05:00:00+00:00,auth-service,0.513686,False,2.1543,False,2026.07.1
2026-07-09T05:00:00+00:00,database-service,0.5752,True,3.4993,False,2026.07.1
2026-07-09T05:00:00+00:00,notification-service,0.553055,False,26.1673,True,2026.07.1
2026-07-09T05:00:00+00:00,payment-service,0.460728,False,2.2815,False,2026.07.1
2026-07-09T05:00:00+00:00,recommendation-service,0.445328,False,2.1483,False,2026.07.1
2026-07-09T05:00:00+00:00,worker-service,0.560571,False,26.1479,True,2026.07.1
2026-07-09T06:00:00+00:00,api-gateway,0.54043,False,1.6792,False,2026.07.1
2026-07-09T06:00:00+00:00,auth-service,0.356874,False,1.066,False,2026.07.1
2026-07-09T06:00:00+00:00,database-service,0.460991,False,2.015,False,2026.07.1
2026-07-09T06:00:00+00:00,notification-service,0.534106,False,23.8075,True,2026.07.1
2026-07-09T06:00:00+00:00,payment-service,0.443474,False,1.2016,False,2026.07.1
2026-07-09T06:00:00+00:00,recommendation-service,0.583182,False,1.3109,False,2026.07.1
2026-07-09T06:00:00+00:00,worker-service,0.582936,False,29.1935,True,2026.07.1
2026-07-09T07:00:00+00:00,api-gateway,0.540817,False,1.4042,False,2026.07.1
2026-07-09T07:00:00+00:00,auth-service,0.425894,False,2.1551,False,2026.07.1
2026-07-09T07:00:00+00:00,database-service,0.382441,False,0.9172,False,2026.07.1
2026-07-09T07:00:00+00:00,notification-service,0.598647,False,18.5314,True,2026.07.1
2026-07-09T07:00:00+00:00,payment-service,0.418226,False,1.6744,False,2026.07.1
2026-07-09T07:00:00+00:00,recommendation-service,0.463618,False,2.1439,False,2026.07.1
2026-07-09T07:00:00+00:00,worker-service,0.684485,True,35.1758,True,2026.07.1
2026-07-09T08:00:00+00:00,api-gateway,0.432305,False,1.8817,False,2026.07.1
2026-07-09T08:00:00+00:00,auth-service,0.584838,True,5.6342,False,2026.07.1
2026-07-09T08:00:00+00:00,database-service,0.493301,False,2.3184,False,2026.07.1
2026-07-09T08:00:00+00:00,notification-service,0.665267,True,39.136,True,2026.07.1
2026-07-09T08:00:00+00:00,payment-service,0.45893,False,1.6334,False,2026.07.1
2026-07-09T08:00:00+00:00,recommendation-service,0.40634,False,0.8868,False,2026.07.1
2026-07-09T08:00:00+00:00,worker-service,0.734576,True,36.8409,True,2026.07.1
2026-07-09T09:00:00+00:00,api-gateway,0.420729,False,1.6378,False,2026.07.1
2026-07-09T09:00:00+00:00,auth-service,0.382306,False,1.5397,False,2026.07.1
2026-07-09T09:00:00+00:00,database-service,0.665148,True,1.632,False,2026.07.1
2026-07-09T09:00:00+00:00,notification-service,0.528962,False,23.9351,True,2026.07.1
2026-07-09T09:00:00+00:00,payment-service,0.473944,False,1.8862,False,2026.07.1
2026-07-09T09:00:00+00:00,recommendation-service,0.416276,False,1.0498,False,2026.07.1
2026-07-09T09:00:00+00:00,worker-service,0.665986,True,26.2554,True,2026.07.1
2026-07-09T10:00:00+00:00,api-gateway,0.545603,False,4.2393,False,2026.07.1
2026-07-09T10:00:00+00:00,auth-service,0.548212,False,1.5375,False,2026.07.1
2026-07-09T10:00:00+00:00,database-service,0.455705,False,3.0018,False,2026.07.1
2026-07-09T10:00:00+00:00,notification-service,0.646391,True,26.5835,True,2026.07.1
2026-07-09T10:00:00+00:00,payment-service,0.371594,False,0.5061,False,2026.07.1
2026-07-09T10:00:00+00:00,recommendation-service,0.451725,False,3.0132,False,2026.07.1
2026-07-09T10:00:00+00:00,worker-service,0.531106,False,11.7402,True,2026.07.1
2026-07-09T11:00:00+00:00,api-gateway,0.448053,False,1.871,False,2026.07.1
2026-07-09T11:00:00+00:00,auth-service,0.481288,False,3.145,False,2026.07.1
2026-07-09T11:00:00+00:00,database-service,0.642336,True,0.4857,False,2026.07.1
2026-07-09T11:00:00+00:00,notification-service,0.635135,True,23.0976,True,2026.07.1
2026-07-09T11:00:00+00:00,payment-service,0.539778,False,1.9834,False,2026.07.1
2026-07-09T11:00:00+00:00,recommendation-service,0.422575,False,2.3979,False,2026.07.1
2026-07-09T11:00:00+00:00,worker-service,0.604803,False,17.8256,True,2026.07.1
2026-07-09T12:00:00+00:00,api-gateway,0.447512,False,1.4314,False,2026.07.1
2026-07-09T12:00:00+00:00,auth-service,0.357859,False,0.8247,False,2026.07.1
2026-07-09T12:00:00+00:00,database-service,0.432089,False,2.0426,False,2026.07.1
2026-07-09T12:00:00+00:00,notification-service,0.530219,False,18.9121,True,2026.07.1
2026-07-09T12:00:00+00:00,payment-service,0.500529,False,0.8153,False,2026.07.1
2026-07-09T12:00:00+00:00,recommendation-service,0.372531,False,0.4351,False,2026.07.1
2026-07-09T12:00:00+00:00,worker-service,0.521244,False,10.6305,True,2026.07.1
2026-07-09T13:00:00+00:00,api-gateway,0.40694,False,1.5186,False,2026.07.1
2026-07-09T13:00:00+00:00,auth-service,0.363788,False,0.6295,False,2026.07.1
2026-07-09T13:00:00+00:00,database-service,0.388022,False,0.6521,False,2026.07.1
2026-07-09T13:00:00+00:00,notification-service,0.548827,False,20.298,True,2026.07.1
2026-07-09T13:00:00+00:00,payment-service,0.454367,False,1.2479,False,2026.07.1
2026-07-09T13:00:00+00:00,recommendation-service,0.60795,True,2.2921,False,2026.07.1
2026-07-09T13:00:00+00:00,worker-service,0.557062,False,10.0063,True,2026.07.1
2026-07-09T14:00:00+00:00,api-gateway,0.397233,False,1.2703,False,2026.07.1
2026-07-09T14:00:00+00:00,auth-service,0.432896,False,2.8073,False,2026.07.1
2026-07-09T14:00:00+00:00,database-service,0.399786,False,0.9829,False,2026.07.1
2026-07-09T14:00:00+00:00,notification-service,0.6319,True,16.2105,True,2026.07.1
2026-07-09T14:00:00+00:00,payment-service,0.532388,False,1.2317,False,2026.07.1
2026-07-09T14:00:00+00:00,recommendation-service,0.36258,False,1.1181,False,2026.07.1
2026-07-09T14:00:00+00:00,worker-service,0.657062,True,10.0534,True,2026.07.1
2026-07-09T15:00:00+00:00,api-gateway,0.373144,False,1.6042,False,2026.07.1
2026-07-09T15:00:00+00:00,auth-service,0.404152,False,2.5385,False,2026.07.1
2026-07-09T15:00:00+00:00,database-service,0.410525,False,1.4077,False,2026.07.1
2026-07-09T15:00:00+00:00,notification-service,0.390568,False,0.9047,False,2026.07.1
2026-07-09T15:00:00+00:00,payment-service,0.449505,False,1.2691,False,2026.07.1
2026-07-09T15:00:00+00:00,recommendation-service,0.42204,False,1.6171,False,2026.07.1
2026-07-09T15:00:00+00:00,worker-service,0.570985,False,1.1671,False,2026.07.1
2026-07-09T16:00:00+00:00,api-gateway,0.469388,False,1.2965,False,2026.07.1
2026-07-09T16:00:00+00:00,auth-service,0.365317,False,1.0874,False,2026.07.1
2026-07-09T16:00:00+00:00,database-service,0.443975,False,1.0942,False,2026.07.1
2026-07-09T16:00:00+00:00,notification-service,0.355079,False,0.8418,False,2026.07.1
2026-07-09T16:00:00+00:00,payment-service,0.468028,False,1.7188,False,2026.07.1
2026-07-09T16:00:00+00:00,recommendation-service,0.359135,False,1.6182,False,2026.07.1
2026-07-09T16:00:00+00:00,worker-service,0.391915,False,1.052,False,2026.07.1
2026-07-09T17:00:00+00:00,api-gateway,0.435798,False,0.904,False,2026.07.1
2026-07-09T17:00:00+00:00,auth-service,0.537557,False,3.2743,False,2026.07.1
2026-07-09T17:00:00+00:00,database-service,0.413259,False,1.574,False,2026.07.1
2026-07-09T17:00:00+00:00,notification-service,0.367171,False,0.8632,False,2026.07.1
2026-07-09T17:00:00+00:00,payment-service,0.488697,False,1.2078,False,2026.07.1
2026-07-09T17:00:00+00:00,recommendation-service,0.447933,False,1.8429,False,2026.07.1
2026-07-09T17:00:00+00:00,worker-service,0.371853,False,0.8766,False,2026.07.1
2026-07-09T18:00:00+00:00,api-gateway,0.41469,False,1.3069,False,2026.07.1
2026-07-09T18:00:00+00:00,auth-service,0.468712,False,3.9804,False,2026.07.1
2026-07-09T18:00:00+00:00,database-service,0.440106,False,1.3253,False,2026.07.1
2026-07-09T18:00:00+00:00,notification-service,0.524306,False,1.6821,False,2026.07.1
2026-07-09T18:00:00+00:00,payment-service,0.429441,False,1.7813,False,2026.07.1
2026-07-09T18:00:00+00:00,recommendation-service,0.404731,False,2.293,False,2026.07.1
2026-07-09T18:00:00+00:00,worker-service,0.472704,False,1.2134,False,2026.07.1
2026-07-09T19:00:00+00:00,api-gateway,0.436449,False,2.0416,False,2026.07.1
2026-07-09T19:00:00+00:00,auth-service,0.39379,False,2.0849,False,2026.07.1
2026-07-09T19:00:00+00:00,database-service,0.477885,False,1.5944,False,2026.07.1
2026-07-09T19:00:00+00:00,notification-service,0.406934,False,0.9415,False,2026.07.1
2026-07-09T19:00:00+00:00,payment-service,0.367036,False,0.6011,False,2026.07.1
2026-07-09T19:00:00+00:00,recommendation-service,0.39274,False,1.2219,False,2026.07.1
2026-07-09T19:00:00+00:00,worker-service,0.420592,False,1.0318,False,2026.07.1
2026-07-09T20:00:00+00:00,api-gateway,0.385519,False,1.6745,False,2026.07.1
2026-07-09T20:00:00+00:00,auth-service,0.421512,False,2.3679,False,2026.07.1
2026-07-09T20:00:00+00:00,database-service,0.434742,False,1.3457,False,2026.07.1
2026-07-09T20:00:00+00:00,notification-service,0.554218,False,0.7456,False,2026.07.1
2026-07-09T20:00:00+00:00,payment-service,0.382514,False,1.1879,False,2026.07.1
2026-07-09T20:00:00+00:00,recommendation-service,0.393704,False,1.2582,False,2026.07.1
2026-07-09T20:00:00+00:00,worker-service,0.442893,False,1.2337,False,2026.07.1
2026-07-09T21:00:00+00:00,api-gateway,0.472167,False,1.9515,False,2026.07.1
2026-07-09T21:00:00+00:00,auth-service,0.385194,False,1.3209,False,2026.07.1
2026-07-09T21:00:00+00:00,database-service,0.44698,False,1.5247,False,2026.07.1
2026-07-09T21:00:00+00:00,notification-service,0.434218,False,0.6181,False,2026.07.1
2026-07-09T21:00:00+00:00,payment-service,0.437364,False,0.6811,False,2026.07.1
2026-07-09T21:00:00+00:00,recommendation-service,0.463258,False,3.731,False,2026.07.1
2026-07-09T21:00:00+00:00,worker-service,0.39296,False,0.8946,False,2026.07.1
2026-07-09T22:00:00+00:00,api-gateway,0.420401,False,1.4561,False,2026.07.1
2026-07-09T22:00:00+00:00,auth-service,0.438858,False,2.5744,False,2026.07.1
2026-07-09T22:00:00+00:00,database-service,0.405818,False,0.9002,False,2026.07.1
2026-07-09T22:00:00+00:00,notification-service,0.484939,False,1.2248,False,2026.07.1
2026-07-09T22:00:00+00:00,payment-service,0.402158,False,1.2206,False,2026.07.1
2026-07-09T22:00:00+00:00,recommendation-service,0.476614,False,2.341,False,2026.07.1
2026-07-09T22:00:00+00:00,worker-service,0.437728,False,1.1667,False,2026.07.1
